{"cameraMode":{"drawMode":0,"name":"Shaded","section":"Shading Mode"},"sceneLighting":false,"audioPlay":false,"sceneViewState":{"showFog":true,"showMaterialUpdate":false,"showSkybox":true,"showFlares":true,"showImageEffects":true,"showParticleSystems":true},"in2DMode":false,"pivot":{"x":12.390000343322754,"y":1.0,"z":7.300000190734863},"rotation":{"x":0.46215078234672549,"y":0.07697483897209168,"z":-0.04030874744057655,"w":0.8825343251228333},"size":2.000519275665283,"orthographic":true}