{"cameraMode":{"drawMode":0,"name":"Shaded","section":"Shading Mode"},"sceneLighting":false,"audioPlay":false,"sceneViewState":{"showFog":true,"showMaterialUpdate":false,"showSkybox":true,"showFlares":true,"showImageEffects":true,"showParticleSystems":true},"in2DMode":false,"pivot":{"x":15.5078125,"y":0.51708984375,"z":14.9754638671875},"rotation":{"x":0.21530522406101228,"y":0.7299572825431824,"z":-0.26554417610168459,"w":0.5918549299240112},"size":4.297675609588623,"orthographic":true}