{"cameraMode":{"drawMode":0,"name":"Shaded","section":"Shading Mode"},"sceneLighting":false,"audioPlay":false,"sceneViewState":{"showFog":true,"showMaterialUpdate":false,"showSkybox":true,"showFlares":true,"showImageEffects":true,"showParticleSystems":true},"in2DMode":false,"pivot":{"x":6.277887344360352,"y":4.681963920593262,"z":24.90447998046875},"rotation":{"x":0.24344751238822938,"y":0.1990656703710556,"z":-0.05112588405609131,"w":0.9478883147239685},"size":1.9105596542358399,"orthographic":false}