{"cameraMode":{"drawMode":0,"name":"Shaded","section":"Shading Mode"},"sceneLighting":false,"audioPlay":false,"sceneViewState":{"showFog":true,"showMaterialUpdate":false,"showSkybox":true,"showFlares":true,"showImageEffects":true,"showParticleSystems":true},"in2DMode":false,"pivot":{"x":1.341639757156372,"y":0.9208295941352844,"z":12.071440696716309},"rotation":{"x":0.2357391119003296,"y":0.36497828364372256,"z":-0.09607579559087753,"w":0.8955375552177429},"size":1.143153429031372,"orthographic":false}