{"cameraMode":{"drawMode":0,"name":"Shaded","section":"Shading Mode"},"sceneLighting":true,"audioPlay":false,"sceneViewState":{"showFog":true,"showMaterialUpdate":true,"showSkybox":true,"showFlares":true,"showImageEffects":true,"showParticleSystems":true},"in2DMode":false,"pivot":{"x":17.12628936767578,"y":-1.4751105308532715,"z":40.868534088134769},"rotation":{"x":-0.10985935479402542,"y":-0.3548484742641449,"z":0.04203082248568535,"w":-0.9274949431419373},"size":35.42350769042969,"orthographic":false}